"msg_reg","xval","avgIC"
"FSU",0,1486.74475221354
"FSU",14.6389605330201,1486.74475221354
"FSU",26.6162918782185,3180.17728285634
"FSU",34.601179441684,5161.56104408317
"FSU",39.0372280880537,8250.76220641333
"FSU",40.8116475466016,11785.0538715116
"FSU",42.1424621405125,14966.4971943885
"FSU",43.0296718697865,18086.4433133281
"FSU",44.3604864636974,23123.0603537376
